Group,RollNo,Marks,Grade,Passed_in
Pre-Engineering,87374,599,pass,C
Pre-Engineering,87375,660,pass,B
Pre-Engineering,87376,212,fail,
Pre-Engineering,87377,221,fail,
Pre-Engineering,87378,583,pass,C
Pre-Engineering,87379,721,pass,B
Pre-Engineering,87380,588,fail,
Pre-Engineering,87381,555,pass,C
Pre-Engineering,87382,617,pass,C
Pre-Engineering,87383,696,pass,B
Pre-Engineering,87384,669,pass,B
Pre-Engineering,87385,720,pass,C
Pre-Engineering,87386,602,pass,C
Pre-Engineering,87387,0,rwh/umeans,
Pre-Engineering,87388,616,pass,C
Pre-Engineering,87389,736,pass,B
Pre-Engineering,87390,700,pass,B
Pre-Engineering,87391,628,pass,C
Pre-Engineering,87392,583,pass,C
Pre-Engineering,87393,838,pass,A
Pre-Engineering,87394,56,fail,
Pre-Engineering,87395,0,rwh/umeans,
Pre-Engineering,87396,710,pass,B
Pre-Engineering,87397,0,rwh/umeans,
Pre-Engineering,87398,888,pass,A1
Pre-Engineering,87399,770,pass,A
Pre-Engineering,87400,627,pass,C
Pre-Engineering,87401,593,fail,
Pre-Engineering,87402,811,pass,A
Pre-Engineering,87403,680,pass,B
Pre-Engineering,87404,610,pass,C
Pre-Engineering,87405,828,pass,A
Pre-Engineering,87406,0,rwh/umeans,
Pre-Engineering,87407,606,pass,C
Pre-Engineering,87408,524,pass,D
Pre-Engineering,87409,523,fail,
Pre-Engineering,87410,0,fail,
Pre-Engineering,87411,678,pass,B
Pre-Engineering,87412,660,pass,B
Pre-Engineering,87413,626,pass,C
Pre-Engineering,87414,798,pass,A
Pre-Engineering,87415,784,pass,A
Pre-Engineering,87416,686,pass,B
Pre-Engineering,87417,0,rwh/umeans,
Pre-Engineering,87418,650,pass,C
Pre-Engineering,87419,716,pass,B
Pre-Engineering,87420,0,rwh/umeans,
Pre-Engineering,87421,671,pass,B
Pre-Engineering,87422,666,pass,B
Pre-Engineering,87423,817,pass,A
Pre-Engineering,87424,665,pass,B
Pre-Engineering,87425,0,rwh/umeans,
Pre-Engineering,87426,624,pass,C
Pre-Engineering,87427,85,fail,
Pre-Engineering,87428,259,fail,
Pre-Engineering,87429,0,fail,
Pre-Engineering,87430,642,pass,C
Pre-Engineering,87431,711,pass,B
Pre-Engineering,87432,644,fail,
Pre-Engineering,87433,115,fail,
Pre-Engineering,87434,683,pass,B
Pre-Engineering,87435,597,pass,C
Pre-Engineering,87436,869,pass,A
Pre-Engineering,87437,715,pass,B
Pre-Engineering,87438,625,pass,C
Pre-Engineering,87439,927,pass,A1
Pre-Engineering,87440,822,pass,A
Pre-Engineering,87441,810,pass,A
Pre-Engineering,87442,541,fail,
Pre-Engineering,87443,535,pass,D
Pre-Engineering,87444,633,pass,C
Pre-Engineering,87445,612,pass,C
Pre-Engineering,87446,661,pass,B
Pre-Engineering,87447,588,pass,C
Pre-Engineering,87448,741,pass,B
Pre-Engineering,87449,604,pass,C
Pre-Engineering,87450,643,pass,C
Pre-Engineering,87451,825,pass,A
Pre-Engineering,87452,675,pass,B
Pre-Engineering,87453,741,pass,B
Pre-Engineering,87454,830,pass,A
Pre-Engineering,89012,686,pass,B
Pre-Engineering,89013,671,pass,B
Pre-Engineering,89037,516,fail,
Pre-Engineering,89038,704,pass,B
Pre-Engineering,89039,500,pass,D
Pre-Computer Science,80307,770,pass,A
Pre-Computer Science,80308,804,pass,A
Pre-Computer Science,80309,380,fail,
Pre-Computer Science,80310,366,fail,
Pre-Computer Science,80311,0,fail,
Pre-Computer Science,80312,709,pass,B
Pre-Computer Science,80313,790,pass,A
Pre-Computer Science,80314,841,pass,A
Pre-Computer Science,80315,827,pass,A
Pre-Computer Science,80316,756,pass,B
Pre-Computer Science,80317,831,pass,A
Pre-Computer Science,80318,614,pass,C
Pre-Computer Science,80319,756,pass,B
Pre-Computer Science,80320,808,pass,A
Pre-Computer Science,80321,759,pass,B
Pre-Computer Science,80322,756,pass,B
Pre-Computer Science,80323,0,fail,
Pre-Computer Science,80324,674,pass,B
Pre-Computer Science,80325,668,pass,B
Pre-Computer Science,80326,730,pass,B
Pre-Computer Science,80327,789,pass,A
Pre-Computer Science,80328,802,pass,A
Pre-Computer Science,80329,701,pass,B
Pre-Computer Science,80330,743,pass,B
Pre-Computer Science,80331,761,pass,B
Pre-Computer Science,80332,0,fail,
Pre-Computer Science,80333,792,pass,A
Pre-Computer Science,80334,764,pass,B
Pre-Computer Science,80335,718,pass,B
Pre-Computer Science,80336,445,fail,
Pre-Computer Science,80337,266,fail,
Pre-Computer Science,80338,782,pass,A
Pre-Computer Science,80339,668,pass,B
Pre-Computer Science,80340,810,pass,A
Pre-Computer Science,80341,340,fail,
Pre-Computer Science,80342,817,pass,A
Pre-Computer Science,80343,753,pass,B
Pre-Computer Science,80344,799,pass,A
Pre-Computer Science,80345,725,pass,B
Pre-Computer Science,80346,724,pass,B
Pre-Computer Science,80347,856,pass,A
Pre-Computer Science,80348,806,pass,A
Pre-Computer Science,80349,0,fail,
Pre-Computer Science,80350,726,pass,B
Pre-Computer Science,80351,420,fail,
Pre-Computer Science,80352,717,pass,B
Pre-Computer Science,80353,753,pass,B
Pre-Computer Science,80354,818,pass,A
Pre-Computer Science,80355,749,pass,B
Pre-Computer Science,80356,757,pass,B
Pre-Computer Science,80357,764,pass,B
Pre-Computer Science,80358,763,pass,B
Pre-Computer Science,80359,733,pass,B
Pre-Computer Science,80360,745,pass,B
Pre-Computer Science,80361,747,pass,B
Pre-Computer Science,80362,706,pass,B
Pre-Computer Science,80363,747,pass,B
Pre-Computer Science,80364,744,pass,B
Pre-Computer Science,80365,715,pass,B
Pre-Computer Science,80366,310,fail,
Pre-Computer Science,80367,731,pass,B
Pre-Computer Science,80368,394,fail,
Pre-Computer Science,80369,807,pass,A
Pre-Computer Science,80370,880,pass,A1
Pre-Computer Science,80371,826,pass,A
Pre-Computer Science,80372,810,pass,A
Pre-Computer Science,80373,823,pass,A
Pre-Computer Science,80374,772,pass,A
Pre-Computer Science,80375,781,pass,A
Pre-Computer Science,80376,798,pass,A
Pre-Computer Science,80377,798,pass,A
Pre-Computer Science,80378,793,pass,A
Pre-Computer Science,80379,808,pass,A
Pre-Computer Science,80380,795,pass,A
Pre-Computer Science,80381,833,pass,A
Pre-Computer Science,80382,796,pass,A
Pre-Computer Science,80383,834,pass,A
Pre-Computer Science,80384,770,pass,A
Pre-Computer Science,80385,805,pass,A
Pre-Computer Science,80386,749,pass,B
Pre-Computer Science,80387,0,fail,
Pre-Computer Science,80388,840,pass,A
Pre-Computer Science,80389,661,pass,B
Pre-Computer Science,80390,779,pass,A
Pre-Computer Science,80391,622,pass,C
Pre-Computer Science,80392,0,rwh/d,
Pre-Computer Science,81223,779,pass,A
Pre-Computer Science,81224,759,pass,B
Pre-Computer Science,81225,555,pass,C
